{
  "properties": {
    "connectionReferences": {
      "shared_commondataserviceforapps": {
        "runtimeSource": "embedded",
        "connection": {
          "connectionReferenceLogicalName": "tech_sharedcommondataserviceforapps_31ad7"
        },
        "api": {
          "name": "shared_commondataserviceforapps"
        }
      }
    },
    "definition": {
      "$schema": "https://schema.management.azure.com/providers/Microsoft.Logic/schemas/2016-06-01/workflowdefinition.json#",
      "contentVersion": "1.0.0.0",
      "parameters": {
        "$connections": {
          "defaultValue": {},
          "type": "Object"
        },
        "$authentication": {
          "defaultValue": {},
          "type": "SecureObject"
        },
        "SecurePay Client ID (tech_securepay_client_id)": {
          "defaultValue": "0oaxb9i8P9vQdXTsn3l5",
          "type": "String",
          "metadata": {
            "schemaName": "tech_securepay_client_id"
          }
        },
        "SecurePay Secret (tech_SecurePaySecret)": {
          "defaultValue": "0aBsGU3x1bc-UIF_vDBA2JzjpCPHjoCP7oI6jisp",
          "type": "String",
          "metadata": {
            "schemaName": "tech_SecurePaySecret"
          }
        },
        "SecurePay Merchant Code (tech_SecurePayMerchantCode)": {
          "defaultValue": "5AR0055",
          "type": "String",
          "metadata": {
            "schemaName": "tech_SecurePayMerchantCode"
          }
        }
      },
      "triggers": {
        "manual": {
          "metadata": {
            "operationMetadataId": "b029438e-fe1a-43de-8068-115362c3db5a"
          },
          "type": "Request",
          "kind": "PowerPages",
          "inputs": {
            "schema": {
              "type": "object",
              "properties": {
                "text": {
                  "title": "token",
                  "type": "string",
                  "x-ms-dynamically-added": true,
                  "description": "Please enter your input",
                  "x-ms-content-hint": "TEXT"
                },
                "number": {
                  "title": "amount",
                  "type": "number",
                  "x-ms-dynamically-added": true,
                  "description": "Please enter a number",
                  "x-ms-content-hint": "NUMBER"
                }
              },
              "required": [
                "text",
                "number"
              ]
            }
          }
        }
      },
      "actions": {
        "Authentication_HTTP_request": {
          "runAfter": {
            "Create_payment_record": [
              "Succeeded"
            ]
          },
          "metadata": {
            "operationMetadataId": "60b55239-040b-4e91-a813-711cf840bbd7"
          },
          "type": "Http",
          "inputs": {
            "method": "POST",
            "uri": "https://welcome.api2.sandbox.auspost.com.au/oauth/token",
            "headers": {
              "Content-Type": "application/x-www-form-urlencoded"
            },
            "body": "grant_type=client_credentials&audience=https://api.payments.auspost.com.au",
            "authentication": {
              "type": "Basic",
              "username": "@parameters('SecurePay Client ID (tech_securepay_client_id)')",
              "password": "@parameters('SecurePay Secret (tech_SecurePaySecret)')"
            }
          }
        },
        "Compose": {
          "runAfter": {
            "Processing_HTTP_request": [
              "Succeeded"
            ]
          },
          "metadata": {
            "operationMetadataId": "fbd8d4c8-3ce6-4996-b764-3fd6acffcc58"
          },
          "type": "Compose",
          "inputs": "@body('Processing_HTTP_request')"
        },
        "Parse_authentication_response": {
          "runAfter": {
            "Authentication_HTTP_request": [
              "Succeeded"
            ]
          },
          "metadata": {
            "operationMetadataId": "1f5586f5-b411-4ab7-9836-2dcecebfc9ec"
          },
          "type": "ParseJson",
          "inputs": {
            "content": "@body('Authentication_HTTP_request')",
            "schema": {
              "type": "object",
              "properties": {
                "access_token": {
                  "type": "string"
                },
                "expires_in": {
                  "type": "integer"
                },
                "token_type": {
                  "type": "string"
                }
              }
            }
          }
        },
        "Processing_HTTP_request": {
          "runAfter": {
            "Parse_authentication_response": [
              "Succeeded"
            ]
          },
          "metadata": {
            "operationMetadataId": "99514d29-1c49-439f-892b-94e9ae97fe0a"
          },
          "type": "Http",
          "inputs": {
            "method": "POST",
            "uri": "https://payments-stest.npe.auspost.zone/v2/payments",
            "headers": {
              "Content-Type": "application/json",
              "Idempotency-Key": "@{guid()}"
            },
            "body": {
              "merchantCode": "@{parameters('SecurePay Merchant Code (tech_SecurePayMerchantCode)')}",
              "amount": "@triggerBody()['number']",
              "token": "@{triggerBody()['text']}",
              "ip": "127.0.0.1"
            },
            "authentication": {
              "type": "Raw",
              "value": "Bearer @{body('Parse_authentication_response')?['access_token']}"
            }
          }
        },
        "Parse_payment_response": {
          "runAfter": {
            "Compose": [
              "Succeeded"
            ]
          },
          "metadata": {
            "operationMetadataId": "05b22519-2b18-4b74-b1ca-f391a338af32"
          },
          "type": "ParseJson",
          "inputs": {
            "content": "@body('Processing_HTTP_request')",
            "schema": {
              "type": "object",
              "properties": {
                "createdAt": {
                  "type": "string"
                },
                "amount": {
                  "type": "integer"
                },
                "currency": {
                  "type": "string"
                },
                "status": {
                  "type": "string"
                },
                "bankTransactionId": {
                  "type": "string"
                },
                "gatewayResponseCode": {
                  "type": "string"
                },
                "gatewayResponseMessage": {
                  "type": "string"
                },
                "errorCode": {
                  "type": "string"
                },
                "customerCode": {
                  "type": "string"
                },
                "merchantCode": {
                  "type": "string"
                },
                "ip": {
                  "type": "string"
                },
                "token": {
                  "type": "string"
                },
                "orderId": {
                  "type": "string"
                }
              }
            }
          }
        },
        "Create_payment_record": {
          "runAfter": {},
          "metadata": {
            "operationMetadataId": "adc4d497-29af-4002-bd0a-988ecf5ec2e9"
          },
          "type": "OpenApiConnection",
          "inputs": {
            "host": {
              "connectionName": "shared_commondataserviceforapps",
              "operationId": "CreateRecord",
              "apiId": "/providers/Microsoft.PowerApps/apis/shared_commondataserviceforapps"
            },
            "parameters": {
              "entityName": "pp_payments",
              "item/pp_amount": "@div(triggerBody()['number'], float(100))",
              "item/pp_paymenttime": "@utcNow()",
              "item/pp_paymentidentifier": "@triggerBody()['text']",
              "item/pp_paymentmethod": "Card",
              "item/pp_paymentstatus": 0,
              "item/pp_provider": 609020001,
              "item/pp_Regarding_contact@odata.bind": "/contacts(4b3537ef-43f1-ee11-904b-000d3a6b0eeb)"
            },
            "authentication": "@parameters('$authentication')"
          }
        },
        "Condition": {
          "actions": {
            "Update_a_row": {
              "runAfter": {},
              "metadata": {
                "operationMetadataId": "0a28d1a2-e19e-4c04-8202-92f7cf91e5ea"
              },
              "type": "OpenApiConnection",
              "inputs": {
                "host": {
                  "connectionName": "shared_commondataserviceforapps",
                  "operationId": "UpdateRecord",
                  "apiId": "/providers/Microsoft.PowerApps/apis/shared_commondataserviceforapps"
                },
                "parameters": {
                  "entityName": "pp_payments",
                  "recordId": "@outputs('Create_payment_record')?['body/pp_paymentid']",
                  "item/pp_paymentidentifier": "@body('Parse_payment_response')?['bankTransactionId']",
                  "item/pp_paymentstatus": 3,
                  "item/pp_paymentdetails": "@body('Parse_payment_response')?['gatewayResponseMessage']",
                  "item/pp_paymentstatusreason": "OK (@{body('Parse_payment_response')?['gatewayResponseCode']})"
                },
                "authentication": "@parameters('$authentication')"
              }
            },
            "Return_value(s)_to_Power_Pages_-_SUCCESS": {
              "runAfter": {
                "Update_a_row": [
                  "Succeeded"
                ]
              },
              "metadata": {
                "operationMetadataId": "6d16378e-e80f-4b77-9782-be3b4d2fdba3"
              },
              "type": "Response",
              "kind": "PowerPages",
              "inputs": {
                "statusCode": 200,
                "body": {
                  "status": "@body('Parse_payment_response')?['status']"
                },
                "schema": {
                  "type": "object",
                  "properties": {
                    "status": {
                      "title": "status",
                      "x-ms-dynamically-added": true,
                      "type": "string"
                    },
                    "error_code": {
                      "title": "error_code",
                      "x-ms-dynamically-added": true,
                      "type": "string"
                    },
                    "error_message": {
                      "title": "error_message",
                      "x-ms-dynamically-added": true,
                      "type": "string"
                    }
                  }
                }
              }
            }
          },
          "runAfter": {
            "Parse_payment_response": [
              "Succeeded"
            ]
          },
          "else": {
            "actions": {
              "Update_a_row_2": {
                "runAfter": {},
                "metadata": {
                  "operationMetadataId": "08d2d978-6588-4d75-9212-69843bab0630"
                },
                "type": "OpenApiConnection",
                "inputs": {
                  "host": {
                    "connectionName": "shared_commondataserviceforapps",
                    "operationId": "UpdateRecord",
                    "apiId": "/providers/Microsoft.PowerApps/apis/shared_commondataserviceforapps"
                  },
                  "parameters": {
                    "entityName": "pp_payments",
                    "recordId": "@outputs('Create_payment_record')?['body/pp_paymentid']",
                    "item/pp_paymentidentifier": "@body('Parse_payment_response')?['bankTransactionId']",
                    "item/pp_paymentstatus": 2,
                    "item/pp_paymentdetails": "@body('Parse_payment_response')?['gatewayResponseMessage']",
                    "item/pp_paymentstatusreason": "@{body('Parse_payment_response')?['gatewayResponseCode']} (@{body('Parse_payment_response')?['errorCode']})"
                  },
                  "authentication": "@parameters('$authentication')"
                }
              },
              "Return_value(s)_to_Power_Pages_-_FAILED": {
                "runAfter": {
                  "Update_a_row_2": [
                    "Succeeded"
                  ]
                },
                "metadata": {
                  "operationMetadataId": "6d16378e-e80f-4b77-9782-be3b4d2fdba3"
                },
                "type": "Response",
                "kind": "PowerPages",
                "inputs": {
                  "statusCode": 200,
                  "body": {
                    "status": "@body('Parse_payment_response')?['status']",
                    "error_code": "@{body('Parse_payment_response')?['errorCode']}",
                    "error_message": "@body('Parse_payment_response')?['gatewayResponseMessage']"
                  },
                  "schema": {
                    "type": "object",
                    "properties": {
                      "status": {
                        "title": "status",
                        "x-ms-dynamically-added": true,
                        "type": "string"
                      },
                      "error_code": {
                        "title": "error_code",
                        "x-ms-dynamically-added": true,
                        "type": "string"
                      },
                      "error_message": {
                        "title": "error_message",
                        "x-ms-dynamically-added": true,
                        "type": "string"
                      }
                    }
                  }
                }
              }
            }
          },
          "expression": {
            "equals": [
              "@body('Parse_payment_response')?['status']",
              "paid"
            ]
          },
          "metadata": {
            "operationMetadataId": "b3246bfc-f503-4ebe-9071-c816521266da"
          },
          "type": "If"
        }
      },
      "outputs": {}
    },
    "templateName": ""
  },
  "schemaVersion": "1.0.0.0"
}